{"CORRECTION_5_DAY_TRIP": -0.18488984550006546, "CORRECTION_ROUNDING_QUIRK": -12.40533880129326, "CORRECTION_LOW_RECEIPT": 15.079108901879083, "CORRECTION_SWEET_SPOT": -38.924598516451, "CORRECTION_VACATION_PENALTY": -73.86580418283285, "CORRECTION_HIGH_MILEAGE_LOW_SPENDING": -6.469301367391446, "CORRECTION_LOW_MILEAGE_HIGH_SPENDING": -8.565385421210504}