{"high_spending_threshold": 300.64307142857143, "low_spending_threshold": 85.84582142857143, "high_mileage_threshold": 152.65, "low_mileage_threshold": 43.84615384615385}