{"rounding_quirk": -9.352543270363533, "sweet_spot_combo": -19.28151004700203, "vacation_penalty": -30.854069365462976}